1 epochs;10 epochs;20 epochs;80 epochs
time:  0.13007784287134808
;time:  1.3372225046157837
;time:  2.7156344930330913
;time:  10.52002646525701
